Genre,Topic
Art,Woman
Psychology,Healing
Self-Help,Career
Childrens,Animals
Biography,Traveling
Music,Love
Self-Help,Healing
Fiction,Life
Historical-Fiction,War
Romance,School romance
Art,World
Travel,Family
Travel,Healing
Travel,Life
Historical-Fiction,Secrecy
Music,Life
Non-Fiction,Historical
Science,Nature
Biography,Youth
Science-Fiction,War
Non-Fiction,Love
Art,Artist
Childrens,Friendship
Horror,Chiller
Psychology,Career
Science,Life
Sports,Love
History,World History
Business,Communication & Psychology
Sports,Game
History,Historical Biographies
Self-Help,Time
History,War
Biography,Historical
Non-Fiction,Woman
Business,Softskills
Business,Management
Fantasy,Life
Childrens,Growing Up & Facts of Life
Science-Fiction,World 
Classics,Life
Classics,World
Classics,Love
Fantasy,Magic
Romance,Action
Horror,Secrecy
Mystery,Murder
Science-Fiction,Future
Historical-Fiction,Chiller
Mystery,Family
Romance,Family
Fantasy,Family
Mystery,Secrecy
Fiction,Family secrets
Thriller,Crime
Horror,Crime
Thriller,Murder
Thriller,Family
Fiction,Chiller
Psychology,Parenting
Music,Career
Science,Evolution
Sports,Friendship
